id,property_size,Location,price,location,material_grade,extended_rooms,structural_changes,type_of_renovation,sqft_to_add,sqft_renovated,renovation_cost,predicted_post_renovation_value
1,2987.0,Oldham,1750000.0,623197.5,high-end,other/custom,1,['other/custom'],602.0,450.0,42228.01,613535.1739595149
2,1827.0,Withington,750000.0,769500.0,mid-range,,0,"['bathroom', 'bedroom']",0.0,472.0,39710.36,499835.5656560012
3,1097.0,Bury,1200000.0,734499.75,high-end,,0,,0.0,0.0,0.0,407497.43915266055
4,968.0,Withington,525000.0,769500.0,mid-range,"bedroom, other/custom",1,"['other/custom', 'bedroom']",294.7383177570093,333.66355140186914,22752.7,343493.7345897535
5,2000.0,Stockport,475000.0,573999.7,high-end,,0,,0.0,0.0,0.0,577303.4855797361
6,2109.0,Prestwich,725000.0,581941.6666666666,mid-range,,0,,0.0,0.0,0.0,568554.9981295847
7,3919.0,Rochdale,999995.0,756694.75,high-end,other/custom,1,['other/custom'],301.0,450.0,42722.16,782264.7635362276
8,1148.0,Rochdale,200000.0,756694.75,budget-friendly,,0,"['bathroom', 'living room', 'kitchen']",0.0,639.3286713286714,25400.92,371865.34903714823
9,2582.0,Altrincham,1195000.0,1479696.6666666667,high-end,,0,['living room'],0.0,600.0,44127.34,810370.827979358
10,1228.0,Levenshulme,375000.0,380714.28571428574,mid-range,,0,,0.0,0.0,0.0,397152.53555901087
11,1773.0,Ashton-under-lyne,550000.0,434184.375,mid-range,,0,,0.0,0.0,0.0,388878.0796898942
12,5452.0,Wigan,800000.0,404750.0,high-end,other/custom,1,['other/custom'],301.0,450.0,42722.16,1029025.5493961903
13,3089.0,Bolton,1700000.0,856449.75,high-end,,0,"['living room', 'kitchen']",0.0,980.0,49105.11,763077.9709403233
14,1377.0,Withington,575000.0,769500.0,mid-range,,0,full renovation,0.0,1377.0,49694.1,421543.0138430485
15,2543.0,Sale,880000.0,699583.3333333334,high-end,,0,,0.0,0.0,0.0,762737.2879059286
16,957.0,City Centre,240000.0,696157.8947368421,budget-friendly,,0,"['bathroom', 'living room', 'kitchen']",0.0,546.797507788162,22139.51,386358.7485924958
17,1302.0,Salford,650000.0,533605.2631578947,mid-range,,0,"['bathroom', 'living room', 'bedroom']",0.0,671.083916083916,28462.1,493091.0665645963
18,1344.0,Salford,650000.0,533605.2631578947,high-end,,0,,0.0,0.0,0.0,449353.8006461739
19,2389.0,Tameside,775000.0,589700.0,budget-friendly,other/custom,1,['other/custom'],602.0,450.0,33981.68,639026.2770037232
20,1355.0,Prestwich,380000.0,581941.6666666666,mid-range,,0,full renovation,0.0,1355.0,49694.1,497552.0331480359
21,3605.0,Wigan,1050000.0,404750.0,high-end,other/custom,1,['other/custom'],602.0,450.0,42722.16,676074.5689189445
22,1203.0,Salford,600000.0,533605.2631578947,mid-range,,0,,0.0,0.0,0.0,399281.78704977175
23,101.0,Trafford,399950.0,1355070.85,mid-range,,0,,0.0,0.0,0.0,270270.13053806545
24,1775.0,Chorlton,765000.0,853899.75,high-end,,0,,0.0,0.0,0.0,461831.2232777544
25,2500.0,Wigan,895000.0,404750.0,high-end,,0,,0.0,0.0,0.0,574201.3546647233
26,1022.0,Bolton,360000.0,856449.75,budget-friendly,,0,"['bathroom', 'kitchen']",0.0,291.8785046728972,23278.72,337778.520391093
27,1388.0,Didsbury,675000.0,804750.0,mid-range,"bedroom, kitchen, other/custom",1,"['other/custom', 'kitchen', 'bedroom']",671.06993006993,753.9673659673659,27727.76,422937.4250303404
28,1054.0,Oldham,110000.0,623197.5,budget-friendly,,0,,0.0,0.0,0.0,307547.9251634513
29,841.0,Sale,335000.0,699583.3333333334,budget-friendly,,0,"['living room', 'kitchen']",0.0,417.6323987538941,22139.51,363143.40959890943
30,1507.0,Stretford,625000.0,534538.4615384615,budget-friendly,,0,,0.0,0.0,0.0,495991.9858054221
31,1397.0,Cheadle,425000.0,730210.7142857143,high-end,,0,"['living room', 'kitchen']",0.0,645.6410256410256,33441.43,470445.26329136343
32,2174.0,Trafford,675000.0,1355070.85,mid-range,,0,,0.0,0.0,0.0,659610.7107015379
33,811.0,Prestwich,290000.0,581941.6666666666,budget-friendly,,0,,0.0,0.0,0.0,297525.0763095794
34,2979.0,Bolton,980000.0,856449.75,high-end,,0,,0.0,0.0,0.0,716464.6546544747
35,2174.0,Trafford,675000.0,1355070.85,mid-range,,0,,0.0,0.0,0.0,659610.7107015379
36,712.0,Rochdale,210000.0,756694.75,budget-friendly,,0,"['bathroom', 'living room', 'kitchen']",0.0,437.20159151193633,22139.51,292232.5292907597
37,905.0,Bury,270000.0,734499.75,budget-friendly,,0,['other/custom'],0.0,163.2429906542056,21754.32,372631.72652055096
38,1514.0,Oldham,425000.0,623197.5,mid-range,,0,,0.0,0.0,0.0,379705.98036646657
39,2141.0,Didsbury,1050000.0,804750.0,high-end,,0,,0.0,0.0,0.0,535126.6253335117
40,1042.0,Bury,200000.0,734499.75,budget-friendly,,0,,0.0,0.0,0.0,391143.79846556176
41,837.0,Stockport,320000.0,573999.7,budget-friendly,,0,,0.0,0.0,0.0,298490.74514643254
42,6011.0,Altrincham,3250000.0,1479696.6666666667,high-end,other/custom,1,['other/custom'],301.0,450.0,42228.01,1480309.3573135077
43,943.0,Ashton-under-lyne,400000.0,434184.375,mid-range,other/custom,1,['other/custom'],133.5981308411215,171.41121495327104,22752.7,278596.8467742386
44,2088.0,Stretford,600000.0,534538.4615384615,high-end,other/custom,1,['other/custom'],301.0,450.0,42722.16,727772.4166320106
45,747.0,City Centre,300000.0,696157.8947368421,budget-friendly,other/custom,1,full renovation,215.20159151193633,747.0,33042.7,330751.45165981184
46,1671.0,Sale,590000.0,699583.3333333334,budget-friendly,other/custom,1,['other/custom'],903.0,450.0,35389.42,523288.17287647637
47,771.0,Levenshulme,190000.0,380714.28571428574,budget-friendly,"kitchen, other/custom",1,"['other/custom', 'kitchen']",275.73520249221184,298.13084112149534,22139.51,297210.56818803604
48,2995.0,Chorlton,795000.0,853899.75,high-end,,0,,0.0,0.0,0.0,720686.9264726297
49,1241.0,Altrincham,525000.0,1479696.6666666667,mid-range,,0,['kitchen'],0.0,236.5174825174825,26163.86,461388.40342075203
50,11119.0,City Centre,1250000.0,696157.8947368421,high-end,"bedroom, other/custom",1,"['other/custom', 'bedroom']",924.0,772.0,42497.12,1499406.5458936528
51,1660.0,Chorlton,725000.0,853899.75,mid-range,bedroom,1,['bedroom'],322.0,322.0,39024.33,438105.3280577421
52,2067.0,Stockport,735000.0,573999.7,high-end,,0,full renovation,0.0,2067.0,73802.73,623630.7448316813
53,740.0,Stockport,260000.0,573999.7,budget-friendly,,0,full renovation,0.0,740.0,33042.7,322784.86581535084
54,1656.0,Tameside,500000.0,589700.0,high-end,,0,"['living room', 'kitchen', 'bedroom']",0.0,1302.0,52573.45,516103.7186044919
55,914.0,Levenshulme,300000.0,380714.28571428574,budget-friendly,,0,,0.0,0.0,0.0,347013.3536396689
56,656.0,Didsbury,230000.0,804750.0,budget-friendly,,0,,0.0,0.0,0.0,289394.87932124606
57,1862.0,Trafford,595000.0,1355070.85,mid-range,other/custom,1,['other/custom'],301.0,450.0,39024.33,600615.240209734
58,703.7,Oldham,229950.0,623197.5,budget-friendly,other/custom,1,"['other/custom', 'kitchen']",315.39429708222815,283.3289124668435,22139.51,249940.6781946332
59,2500.0,Altrincham,1475000.0,1479696.6666666667,high-end,,0,"['living room', 'kitchen', 'bedroom']",0.0,1302.0,52573.45,827270.7642155479
60,3181.0,Didsbury,1400000.0,804750.0,high-end,,0,,0.0,0.0,0.0,654627.095918802
61,823.0,Tameside,350000.0,589700.0,budget-friendly,,0,full renovation,0.0,823.0,32913.41,339847.6987140309
62,1074.0,Wigan,275000.0,404750.0,budget-friendly,,0,,0.0,0.0,0.0,340649.15984400443
63,2669.0,Rochdale,1500000.0,756694.75,high-end,,0,,0.0,0.0,0.0,536472.9852725652
64,3150.0,Altrincham,1395000.0,1479696.6666666667,high-end,,0,"['living room', 'kitchen', 'bedroom']",0.0,1302.0,52573.45,988635.9833320696
65,3111.0,Ashton-under-lyne,580000.0,434184.375,high-end,,0,,0.0,0.0,0.0,544841.1384527477
66,1317.0,Cheadle,365000.0,730210.7142857143,high-end,,0,"['bathroom', 'living room', 'bedroom']",0.0,678.3216783216783,33963.86,460194.3969134397
67,993.0,Tameside,375000.0,589700.0,high-end,,0,,0.0,0.0,0.0,325976.037344966
68,1835.0,City Centre,795000.0,696157.8947368421,high-end,,0,,0.0,0.0,0.0,547178.2660964142
69,1032.0,Sale,500000.0,699583.3333333334,mid-range,,0,"['bathroom', 'living room', 'kitchen']",0.0,583.4797507788162,24209.98,399621.49126781366
